<?xml version="1.0" encoding="UTF-8"?>
<topic version="5.2" xml:id="install" xmlns="http://docbook.org/ns/docbook"
       xmlns:xlink="http://www.w3.org/1999/xlink"
       xmlns:xi="http://www.w3.org/2001/XInclude"
       xmlns:svg="http://www.w3.org/2000/svg"
       xmlns:ns="http://docbook.org/ns/transclusion"
       xmlns:m="http://www.w3.org/1998/Math/MathML"
       xmlns:html="http://www.w3.org/1999/xhtml"
       xmlns:db="http://docbook.org/ns/docbook">
  <info>
    <title>Installation</title>
  </info>

  <para>Simply unzip
  <filename>assembly-<replaceable>X_Y_Z</replaceable>.zip</filename> in any
  directory.</para>

  <para>After that, you can run command-line utility
  <command>assembly</command> by simply executing
  <filename><replaceable>assembly_install_dir</replaceable>/bin/assembly.bat</filename>
  (<filename><replaceable>assembly_install_dir</replaceable>/bin/assembly</filename>
  on the Mac and on Linux).</para>

  <screen>C:\&gt; mkdir XMLmind
C:\&gt; cd XMLmind
C:\XMLmind&gt; unzip assembly-2_0_1.zip
C:\XMLmind&gt; dir assembly-2_0_1
... &lt;DIR&gt; bin
... &lt;DIR&gt; doc
... &lt;DIR&gt; docsrc
... &lt;DIR&gt; legal
...
C:\XMLmind&gt; assembly-2_0_1\bin\assembly.bat
assembly: ERROR: too few command-line arguments
Usage: assembly [option]* in_assembly_file out_docbook_file|-
...</screen>
</topic>
