<?xml version="1.0" encoding="UTF-8"?>
<topic version="5.2" xml:id="intro" xmlns="http://docbook.org/ns/docbook"
       xmlns:xlink="http://www.w3.org/1999/xlink"
       xmlns:xi="http://www.w3.org/2001/XInclude"
       xmlns:svg="http://www.w3.org/2000/svg"
       xmlns:ns="http://docbook.org/ns/transclusion"
       xmlns:m="http://www.w3.org/1998/Math/MathML"
       xmlns:html="http://www.w3.org/1999/xhtml"
       xmlns:db="http://docbook.org/ns/docbook">
  <info>
    <title>What is XMLmind Assembly Processor?</title>
  </info>

  <para><productname ns:idfixup="auto" xml:id="dbasm">XMLmind Assembly
  Processor</productname> is a <trademark>Java</trademark> software component
  and a command-line utility (called <command>assembly</command>) which
  processes a <link xlink:href="https://tdg.docbook.org/tdg/5.2/ch06">DocBook
  v5.1+ <tag class="element">assembly</tag></link> and all the referenced
  topics in order to create the equivalent “flat”, monolithic, document (e.g.
  a DocBook v5.2 <tag class="element">book</tag>). This equivalent document is
  called the <firstterm>realized</firstterm> document.</para>

  <para>The realized document is then transformed to other formats (PDF, HTML,
  etc), normally, as if it were created by hand, using the <link
  xlink:href="https://docbook.sourceforge.net/release/xsl/current/doc/">DocBook
  XSL stylesheets</link>.</para>

  <para><xi:include href="" xpointer="dbasm" ns:idfixup="auto"/> includes
  <link xlink:href="https://www.w3.org/TR/xinclude-11/">XInclude 1.1</link>
  and <link xlink:href="https://documents.docbook.org/transclusion">DocBook
  Transclusion</link> processors, which allows to create modular DocBook v5.1+
  documents without facing limitations.</para>

  <para><xi:include href="" xpointer="dbasm" ns:idfixup="auto"/> is free, open
  source, software, which like the <link
  xlink:href="https://docbook.sourceforge.net/">DocBook XSL
  stylesheets</link>, is licensed under the terms of the MIT License.</para>
</topic>
