<?xml version="1.0" encoding="UTF-8"?>
<topic version="5.2" xml:id="limitations"
       xmlns="http://docbook.org/ns/docbook"
       xmlns:xlink="http://www.w3.org/1999/xlink"
       xmlns:xi="http://www.w3.org/2001/XInclude"
       xmlns:svg="http://www.w3.org/2000/svg"
       xmlns:ns="http://docbook.org/ns/transclusion"
       xmlns:m="http://www.w3.org/1998/Math/MathML"
       xmlns:html="http://www.w3.org/1999/xhtml"
       xmlns:db="http://docbook.org/ns/docbook">
  <info>
    <title>Limitations</title>
  </info>

  <itemizedlist>
    <listitem>
      <para>Attribute <tag class="attribute">type</tag> of element <tag
      class="element">structure</tag> is ignored.</para>
    </listitem>

    <listitem>
      <para>Element <tag class="element">relationships</tag> is supported.
      However attribute <tag class="attribute">type</tag> of elements <tag
      class="element">relationships</tag> and <tag
      class="element">relationship</tag> is still ignored.</para>
    </listitem>
  </itemizedlist>
</topic>
