<?xml version="1.0" encoding="ISO-8859-1"?>
<assembly version="5.2" xml:lang="en-US" xmlns="http://docbook.org/ns/docbook"
          xmlns:xlink="http://www.w3.org/1999/xlink"
          xmlns:xi="http://www.w3.org/2001/XInclude"
          xmlns:svg="http://www.w3.org/2000/svg"
          xmlns:ns="http://docbook.org/ns/transclusion"
          xmlns:m="http://www.w3.org/1998/Math/MathML"
          xmlns:html="http://www.w3.org/1999/xhtml"
          xmlns:db="http://docbook.org/ns/docbook">
  <resources>
    <resource href="limitations.xml" xml:id="limitations"/>

    <resource href="specificities.xml" xml:id="specificities"/>

    <resource href="filtering.xml" xml:id="filtering"/>

    <resource href="changes.xml" xml:id="changes"/>

    <resource href="intro.xml" xml:id="intro"/>

    <resource href="embed.xml" xml:id="embed"/>

    <resource href="quick_start.xml" xml:id="quick_start"/>

    <resource href="command_line.xml" xml:id="command_line"/>

    <resource href="requirements.xml" xml:id="requirements"/>

    <resource href="install.xml" xml:id="install"/>

    <resource href="install_files.xml" xml:id="install_files"/>
  </resources>

  <structure defaultformat="print" renderas="book" xml:id="manual">
    <merge>
      <title>XMLmind Assembly Processor Manual</title>

      <author>
        <personname><firstname>Hussein</firstname><surname>Shafie</surname></personname>

        <affiliation>
          <orgname>XMLmind Software</orgname>

          <address><street>35 rue Louis Leblanc</street>,
<postcode>78120</postcode> <city>Rambouillet</city>,
<country>France</country>,
Phone: <phone>+33 (0)</phone>9 52 80 80 37,
Web: <otheraddr><link xlink:href="http://www.xmlmind.com/xmleditor">www.xmlmind.com/xmleditor</link></otheraddr>
Email: <email>xmleditor-support@xmlmind.com</email> (public mailing list)</address>
        </affiliation>
      </author>

      <pubdate>August 19, 2024</pubdate>

      <abstract>
        <para>Explains how to install, use and embed XMLmind Assembly
        Processor.</para>
      </abstract>
    </merge>

    <module renderas="chapter" resourceref="intro"/>

    <module renderas="chapter">
      <merge xml:id="installation">
        <title>Installing XMLmind Assembly Processor</title>
      </merge>

      <module renderas="section" resourceref="requirements"/>

      <module renderas="section" resourceref="install">
        <merge xml:id="install_procedure"/>
      </module>

      <module renderas="section" resourceref="install_files"/>
    </module>

    <module renderas="chapter" resourceref="quick_start"/>

    <module renderas="chapter" resourceref="command_line"/>

    <module renderas="chapter">
      <merge xml:id="limitations_and_specificities">
        <title>Limitations and implementation specificities</title>
      </merge>

      <module renderas="section" resourceref="limitations"/>

      <module renderas="section" resourceref="specificities">
        <module renderas="section" resourceref="filtering"/>
      </module>
    </module>

    <module renderas="chapter" resourceref="embed"/>

    <module renderas="appendix" resourceref="changes"/>

    <module renderas="index">
      <filterout outputformat="web"/>

      <merge xml:id="back_of_book_index"/>
    </module>
  </structure>

  <relationships>
    <relationship type="seealso">
      <association>See also</association>

      <instance linkend="requirements"/>

      <instance linkend="install" linking="sourceonly"/>
    </relationship>

    <relationship>
      <association/>

      <instance linkend="limitations"/>

      <instance linkend="specificities"/>
    </relationship>
  </relationships>
</assembly>
