<?xml version="1.0" encoding="ISO-8859-1"?>
<topic version="5.2" xml:id="requirements"
       xmlns="http://docbook.org/ns/docbook"
       xmlns:xlink="http://www.w3.org/1999/xlink"
       xmlns:xi="http://www.w3.org/2001/XInclude"
       xmlns:svg="http://www.w3.org/2000/svg"
       xmlns:ns="http://docbook.org/ns/transclusion"
       xmlns:m="http://www.w3.org/1998/Math/MathML"
       xmlns:html="http://www.w3.org/1999/xhtml"
       xmlns:db="http://docbook.org/ns/docbook">
  <info>
    <title>System requirements</title>
  </info>

  <para>Make sure that you have a <trademark>Java</trademark> 8+ runtime
  installed on your machine. To check this, please open a command window and
  type "<command>java -version</command>" followed by <keysym>Enter</keysym>.
  You should get something looking like this:</para>

  <screen>C:\&gt; java -version
openjdk version "22.0.2" 2024-07-16
OpenJDK Runtime Environment (build 22.0.2+9-70)
OpenJDK 64-Bit Server VM (build 22.0.2+9-70, mixed mode)</screen>
</topic>
