<refentry xmlns="http://docbook.org/ns/docbook"
          xmlns:xlink="http://www.w3.org/1999/xlink"
          xmlns:xi="http://www.w3.org/2001/XInclude"
          xmlns:src="http://nwalsh.com/xmlns/litprog/fragment"
          xmlns:xsl="http://www.w3.org/1999/XSL/Transform"
          version="5.0" xml:id="compact.list.item.spacing">
<refmeta>
<refentrytitle>compact.list.item.spacing</refentrytitle>
<refmiscinfo class="other" otherclass="datatype">attribute set</refmiscinfo>
</refmeta>  
<refnamediv>
<refname>compact.list.item.spacing</refname>
<refpurpose>What space do you want between list items (when spacing="compact")?</refpurpose>
</refnamediv>

<refsynopsisdiv>
<src:fragment xml:id="compact.list.item.spacing.frag"><xsl:attribute-set name="compact.list.item.spacing">
  <xsl:attribute name="space-before.optimum">0em</xsl:attribute>
  <xsl:attribute name="space-before.minimum">0em</xsl:attribute>
  <xsl:attribute name="space-before.maximum">0.2em</xsl:attribute>
  <xsl:attribute name="relative-align">baseline</xsl:attribute>
</xsl:attribute-set></src:fragment>
</refsynopsisdiv>
<refsection><info><title>Description</title></info>
<para>Specify what spacing you want between each list item when
<tag class="attribute">spacing</tag> is
<quote><literal>compact</literal></quote>.</para>
<para>The setting for <tag class="attribute">relative-align</tag> ensures the text aligns vertically with the list mark
even if an inline image is in the text.</para>
</refsection>
</refentry>
