<refentry xmlns="http://docbook.org/ns/docbook"
          xmlns:xlink="http://www.w3.org/1999/xlink"
          xmlns:xi="http://www.w3.org/2001/XInclude"
          xmlns:src="http://nwalsh.com/xmlns/litprog/fragment"
          xmlns:xsl="http://www.w3.org/1999/XSL/Transform"
          version="5.0" xml:id="overlay.logo">
<refmeta>
<refentrytitle>overlay.logo</refentrytitle>
<refmiscinfo class="other" otherclass="datatype">uri</refmiscinfo>
</refmeta>
<refnamediv>
<refname>overlay.logo</refname>
<refpurpose>Logo to overlay on ToC frame</refpurpose>
</refnamediv>

<refsynopsisdiv>
<src:fragment xml:id="overlay.logo.frag">
<xsl:param name="overlay.logo">https://cdn.docbook.org/release/xsl/buttons/slides-1.png</xsl:param>
</src:fragment>
</refsynopsisdiv>

<refsection><info><title>Description</title></info>

<para>If this URI is non-empty, JavaScript is used to overlay the
specified image on the ToC frame.</para>

</refsection>
</refentry>
